{"cameraMode":{"drawMode":0,"name":"Shaded","section":"Shading Mode"},"sceneLighting":true,"audioPlay":false,"sceneViewState":{"m_AlwaysRefresh":false,"showFog":true,"showSkybox":true,"showFlares":true,"showImageEffects":true,"showParticleSystems":true,"showVisualEffectGraphs":true,"m_FxEnabled":true},"in2DMode":false,"pivot":{"x":-6.612071990966797,"y":-9.236894607543946,"z":30.001602172851564},"rotation":{"x":0.1626245528459549,"y":0.043246570974588397,"z":-0.006894351448863745,"w":0.9856457710266113},"size":21.594642639160158,"orthographic":false}