{"cameraMode":{"drawMode":0,"name":"Shaded","section":"Shading Mode"},"sceneLighting":true,"audioPlay":false,"sceneViewState":{"m_AlwaysRefresh":false,"showFog":true,"showSkybox":true,"showFlares":true,"showImageEffects":true,"showParticleSystems":true,"showVisualEffectGraphs":true,"m_FxEnabled":true},"in2DMode":false,"pivot":{"x":-12.659599304199219,"y":1.053758978843689,"z":12.532173156738282},"rotation":{"x":0.1508198231458664,"y":-0.026306306943297387,"z":0.0042929030023515228,"w":0.9878696799278259},"size":19.575448989868165,"orthographic":false}