{"cameraMode":{"drawMode":0,"name":"Shaded","section":"Shading Mode"},"sceneLighting":true,"audioPlay":false,"sceneViewState":{"m_AlwaysRefresh":false,"showFog":true,"showSkybox":true,"showFlares":true,"showImageEffects":true,"showParticleSystems":true,"showVisualEffectGraphs":true,"m_FxEnabled":true},"in2DMode":false,"pivot":{"x":-11.911181449890137,"y":4.2006025314331059,"z":-9.345080375671387},"rotation":{"x":-0.07413706928491593,"y":-0.1454770416021347,"z":0.010896789841353894,"w":-0.986443817615509},"size":0.8660253882408142,"orthographic":false}