{"cameraMode":{"drawMode":0,"name":"Shaded","section":"Shading Mode"},"sceneLighting":true,"audioPlay":false,"sceneViewState":{"m_AlwaysRefresh":false,"showFog":true,"showSkybox":true,"showFlares":true,"showImageEffects":true,"showParticleSystems":true,"showVisualEffectGraphs":true,"m_FxEnabled":true},"in2DMode":false,"pivot":{"x":-8.366839408874512,"y":20.07098388671875,"z":-11.502752304077149},"rotation":{"x":-0.07027046382427216,"y":0.0588100403547287,"z":-0.004794951528310776,"w":-0.9955033659934998},"size":19.575448989868165,"orthographic":false}