{"cameraMode":{"drawMode":0,"name":"Shaded","section":"Shading Mode"},"sceneLighting":true,"audioPlay":false,"sceneViewState":{"m_AlwaysRefresh":false,"showFog":true,"showSkybox":true,"showFlares":true,"showImageEffects":true,"showParticleSystems":true,"showVisualEffectGraphs":true,"m_FxEnabled":true},"in2DMode":false,"pivot":{"x":-1.3213324546813965,"y":17.132152557373048,"z":-8.394710540771485},"rotation":{"x":-0.24186751246452332,"y":0.030938172712922097,"z":-0.008352468721568585,"w":-0.9694867730140686},"size":19.575448989868165,"orthographic":false}