{"cameraMode":{"drawMode":0,"name":"Shaded","section":"Shading Mode"},"sceneLighting":true,"audioPlay":false,"sceneViewState":{"m_AlwaysRefresh":false,"showFog":true,"showSkybox":true,"showFlares":true,"showImageEffects":true,"showParticleSystems":true,"showVisualEffectGraphs":true,"m_FxEnabled":true},"in2DMode":false,"pivot":{"x":-14.902654647827149,"y":21.685171127319337,"z":0.5789350867271423},"rotation":{"x":-0.32176855206489565,"y":-0.2669718563556671,"z":0.09430986642837525,"w":-0.9032374024391174},"size":19.575448989868165,"orthographic":false}